{
    "Eye": [200, 200, 1000],
    "Lights": [
        {
            "position": [-200, 600, 1500],
            "color": [1.0, 1.0, 1.0]
        }
    ],
    "Objects": [
        {
            "type": "triangle",
            "comment": "",
            "v1": [-78.854996, 14.034491, -232.136002],
            "v2": [-64.841400, 231.387085, -50.574986],
            "v3": [193.932205, 147.695084, 29.642246],
            "radius": 50,
            "material":
            {
                "color": [1.0, 1.0, 1.0],
                "ka": 0.2,
                "kd": 0.7,
                "ks": 0.5,
                "n": 64
            }
        },
        {
            "type": "triangle",
            "comment": "",
            "v1":[78.854996, -14.034491, 232.136002],
            "v2":[-179.918594, 69.657555, 151.918808],
            "v3":[-193.932251, -147.695084, -29.642206],
            "radius": 50,
            "material":
            {
                "color": [1.0, 1.0, 1.0],
                "ka": 0.2,
                "kd": 0.7,
                "ks": 0.5,
                "n": 64
            }
        }

    ]
}
